{
    "auxiliary_fan": "0",
    "bed_custom_model": "",
    "bed_custom_texture": "",
    "bed_exclude_area": [
        "0x0"
    ],
    "before_layer_change_gcode": ";BEFORE_LAYER_CHANGE\n;[layer_z]\nG92 E0\n",
    "best_object_pos": "0.5,0.5",
    "change_extrusion_role_gcode": "",
    "change_filament_gcode": "",
    "cooling_tube_length": "5",
    "cooling_tube_retraction": "91.5",
    "default_filament_profile": [
        "Creality Generic PLA"
    ],
    "default_print_profile": "0.20mm Standard @Creality Ender3V2",
    "deretraction_speed": [
        "0"
    ],
    "enable_filament_ramming": "1",
    "extra_loading_move": "-2",
    "extruder_clearance_height_to_lid": "34",
    "extruder_clearance_height_to_rod": "34",
    "extruder_clearance_radius": "47",
    "extruder_colour": [
        "#FCE94F"
    ],
    "extruder_offset": [
        "0x0"
    ],
    "fan_kickstart": "0",
    "fan_speedup_overhangs": "1",
    "fan_speedup_time": "0",
    "from": "",
    "gcode_flavor": "klipper",
    "high_current_on_filament_swap": "0",
    "host_type": "octoprint",
    "inherits": "Creality Ender-3 V2 0.4 nozzle",
    "layer_change_gcode": "",
    "machine_end_gcode": "END_PRINT",
    "machine_load_filament_time": "0",
    "machine_max_acceleration_e": [
        "5000",
        "5000"
    ],
    "machine_max_acceleration_extruding": [
        "500",
        "500"
    ],
    "machine_max_acceleration_retracting": [
        "1000",
        "1000"
    ],
    "machine_max_acceleration_travel": [
        "500",
        "500"
    ],
    "machine_max_acceleration_x": [
        "3500",
        "500"
    ],
    "machine_max_acceleration_y": [
        "3500",
        "500"
    ],
    "machine_max_acceleration_z": [
        "100",
        "100"
    ],
    "machine_max_jerk_e": [
        "5",
        "5"
    ],
    "machine_max_jerk_x": [
        "0",
        "8"
    ],
    "machine_max_jerk_y": [
        "0",
        "8"
    ],
    "machine_max_jerk_z": [
        "0.4",
        "0.4"
    ],
    "machine_max_speed_e": [
        "60",
        "60"
    ],
    "machine_max_speed_x": [
        "500",
        "500"
    ],
    "machine_max_speed_y": [
        "500",
        "500"
    ],
    "machine_max_speed_z": [
        "10",
        "10"
    ],
    "machine_min_extruding_rate": [
        "0",
        "0"
    ],
    "machine_min_travel_rate": [
        "0",
        "0"
    ],
    "machine_pause_gcode": "M25 ;pause print",
    "machine_start_gcode": "; Dummy M109/M190 or Prusa add its own\nM109 S0\nM190 S0\nSTART_PRINT BED_TEMP=[bed_temperature_initial_layer] EXTRUDER_TEMP=[nozzle_temperature_initial_layer]",
    "machine_unload_filament_time": "0",
    "manual_filament_change": "0",
    "max_layer_height": [
        "0.32"
    ],
    "min_layer_height": [
        "0.08"
    ],
    "name": "Creality Ender-3 0.4 nozzle - Klipper",
    "nozzle_diameter": [
        "0.4"
    ],
    "nozzle_hrc": "0",
    "nozzle_type": "brass",
    "nozzle_volume": "0",
    "parking_pos_retraction": "92",
    "print_host": "10.1.0.99",
    "print_host_webui": "",
    "printable_area": [
        "0x0",
        "220x0",
        "220x220",
        "0x220"
    ],
    "printable_height": "250",
    "printer_model": "Creality Ender-3 V2",
    "printer_notes": "Changed the accel for X and Y to 3500 from 500.\nJerk to 0 for X and Y from 8",
    "printer_settings_id": "Creality Ender-3 0.4 nozzle - Klipper",
    "printer_structure": "undefine",
    "printer_technology": "FFF",
    "printer_variant": "0.4",
    "printhost_apikey": "REMOVED",
    "printhost_authorization_type": "key",
    "printhost_cafile": "",
    "printhost_password": "",
    "printhost_port": "",
    "printhost_ssl_ignore_revoke": "0",
    "printhost_user": "",
    "purge_in_prime_tower": "1",
    "retract_before_wipe": [
        "70%"
    ],
    "retract_length_toolchange": [
        "2"
    ],
    "retract_lift_above": [
        "0"
    ],
    "retract_lift_below": [
        "0"
    ],
    "retract_lift_enforce": [
        "All Surfaces"
    ],
    "retract_restart_extra": [
        "0"
    ],
    "retract_restart_extra_toolchange": [
        "0"
    ],
    "retract_when_changing_layer": [
        "1"
    ],
    "retraction_length": [
        "4"
    ],
    "retraction_minimum_travel": [
        "2"
    ],
    "retraction_speed": [
        "40"
    ],
    "scan_first_layer": "0",
    "silent_mode": "0",
    "single_extruder_multi_material": "1",
    "support_air_filtration": "1",
    "support_chamber_temp_control": "1",
    "template_custom_gcode": "",
    "thumbnails": [
        "300x300"
    ],
    "thumbnails_format": "PNG",
    "time_cost": "0",
    "time_lapse_gcode": "",
    "upward_compatible_machine": [],
    "use_firmware_retraction": "0",
    "use_relative_e_distances": "1",
    "version": "1.5.0.2",
    "wipe": [
        "1"
    ],
    "wipe_distance": [
        "1"
    ],
    "z_hop": [
        "0.4"
    ],
    "z_hop_types": [
        "Normal Lift"
    ],
    "z_offset": "0"
}
